How do you measure success?,"""success"", ""goals"", ""achievements"", ""milestones"", ""progress"", ""solving"", ""problem"", ""motivate"", ""leader"""
What are some of the long and short term goals you've set for yourself?,"""short-term"", ""long-term"", ""goal"", ""secure"", ""position"", ""organization"", ""utilize"", ""skills"", ""career"", ""learn"", ""leader,grow"", ""dedication"""
Would you describe yourself as a goal-driven individual?,"""define"", ""myself"", ""goal-driven"", ""focused"", ""responsibilities"", ""prioritized"", ""deadlines"", ""plans"""
What is the process you go through when setting and reaching a goal?,"""process"", ""milestones"", ""strategy"", ""goals"", ""accomplish"", ""tasks"""
How do you handle pressure?,"""plan"", ""work"", ""communicate"", ""progress"", ""complete"", ""stress"", ""pressure"", ""positive"", ""actions"""
What accomplishment are you most proud of?,"""determination"", ""goal"", ""experience"", ""skills"", ""achieve"", ""success"", ""organization"", ""challenges"", ""motivated"""
What have you done in the past that gave you satisfaction?,"""project"", ""satisfaction"", ""completed"", ""schedule"", ""excellence"", ""award"", ""received"""
What skills do you possess that you feel contribute the most to your success?,"""Communication"", ""problem solving"", ""teamwork"", ""initiative"", ""leadership"", ""adapting"", ""situations"", ""skills"""
What weakness do you possess that has prevented you from being more successful?,"""struggle"", ""burnout"", ""decisions"", ""weakness"", ""working"", ""improve"", ""solve"", ""aware"", ""manage"""
How do you handle stress?,"""willing"", ""travel"", ""knowledge"", ""industry"", ""jobs"", ""work"", ""succeed"", ""grow"", ""professional"", ""network"""
How many work hours do you consider too many?,"""hours"", ""time"", ""week"""
How would you describe yourself in terms of being a team player?,"""communication"", ""flexibility"", ""empathy"", ""leadership"" , ""positive attitude"" , ""support"", ""decision making"", ""collaboration"" "
What adjectives would you use to describe yourself?,"""hobbies"", ""talent"", ""activities"""
What brought you to this field of work?,"""passion"", ""personal"", ""experience"", ""goals"", ""ability"", ""skills"", ""growth opportunities"""
We're going to make a large investment in you if we decide to hire you. Why is that a good investment?,"""experience"", ""passion"" ,""qualifications"" , ""skill set"", ""team player"", ""work ethic"", ""adaptive"""
What is the ideal work environment according to you?,"""collaboration"", ""communication"", ""respect"", ""trust"", ""diversity"", ""inclusivity"", ""innovation"", ""creativity"", ""flexibility"", ""autonomy"", ""support"", ""growth, learning"", ""work-life balance"""
How did you go about resolving a recent problem you had with a co-worker?,"""active listening"", ""communication"", ""working together"", ""compromise"", ""respect them"", ""resolve conflicts"""
How do you deal with high-pressure situations?,"""calm"", ""focus"", ""problem solving ability"", ""communication"", ""resilience"""
How do you deal with impossible deadlines?,"""prioritize"", ""time management"", ""planning"", ""communication"""
How do you overcome obstacles?,"""keep positive attitude"", ""educate yourself"", ""flexible"", ""time management"", ""communication"", ""problem solving"""